{
  "version": "KorQuAD_v1.0_dev",
  "data": [
    {
      "paragraphs": [
        {
          "qas": [
            {
              "answers": [
                {
                  "text": "구글어시스턴트",
                  "answer_start": 30
                }
              ],
              "id": "1-1-1",
              "question": "구글의 인공지능 도우미와 소프트웨어의 기술은?"
            },
            {
              "answers": [
                {
                  "text": "코타나",
                  "answer_start": 1
                }
              ],
              "id": "1-1-2",
              "question": "마이크로소프트의 인공지능 도우미와 소프트웨어의 기술은?"
            }
          ],
          "context": "인공지능 도우미와 소프트웨어 공개 동향에서 각 기업의 기술의 종류는 구글의 ‘구글어시스턴트’, 마이크로소프트의 ‘코타나’, 애플의‘시리’, 페이스북의‘챗봇’, 아마존의‘알렉사’, 삼성전자의‘빅스비’ 등이 있다"
        },
        {
          "qas": [
            {
              "answers": [
                {
                  "text": "구글어시스턴트",
                  "answer_start": 30
                }
              ],
              "id": "1-2-1",
              "question": "구글이 개발하여 2016년에 발표한 인공지능 비서시스템은?"
            },
            {
              "answers": [
                {
                  "text": "구글이 개발하여 2016년에 발표한 인공지능 비서시스템",
                  "answer_start": 32
                }
              ],
              "id": "1-2-2",
              "question": "구글어시스턴트는 무엇인가요?"
            },
            {
              "answers": [
                {
                  "text": "사용자의 음성을 인식하여 질문을 파악",
                  "answer_start": 76
                }
              ],
              "id": "1-2-3",
              "question": "구글어시스턴트는 무슨일을 수행하나요?"
            }
          ],
          "context": "구글의‘구글어시스턴트(Google Assistant)’는 구글이 개발하여 2016년에 발표한 인공지능 비서시스템이다. 구글 어시스턴트는 사용자의 음성을 인식하여 질문을 파악함 음악재생, 예약, 일정조회, 메시지전송 등을 수행한다. 스마트폰에서 e-메일을읽고, 이용자의 동작을파악한다. 질문을 검색하여 이용자에게 알려주며, 양방향 대화가능하다. 인공지능 시장 전망은 세계 인공지능 소프트웨어 시장의 급속도로 성장한다. 2018년 95억달러에서 2025년에는 1, 186억달러로 성장했다. 자연어처리, 언어번역, 로봇자동화, 머신러닝등 포함한다."
        },
        {
          "qas": [
            {
              "answers": [
                {
                  "text": "광고",
                  "answer_start": 6
                }
              ],
              "id": "1-3-1",
              "question": "인공지능의 활용은?"
            },
            {
              "answers": [
                {
                  "text": "동영상을 추천",
                  "answer_start": 31
                }
              ],
              "id": "1-3-2",
              "question": "인공지능의 예시는?"
            }
          ],
          "context": "인공지능은 광고에서 활용이 된다. 유튜브에서 인공지능이 동영상을 추천하는 예시가 있다"
        }
      ],
      "title": "인공지능빅데이터"
    },
    {
      "paragraphs": [
        {
          "qas": [
            {
              "answers": [
                {
                  "text": "건강을 지키기 위한 활동",
                  "answer_start": 10
                }
              ],
              "id": "2-1-1",
              "question": "건강관리의 개념은?"
            },
            {
              "answers": [
                {
                  "text": "건강관리",
                  "answer_start": 0
                }
              ],
              "id": "2-1-2",
              "question": "건강을 지키기 위한 활동은?"
            }
          ],
          "context": "건강관리의 개념은 건강을 지키기 위한 활동을 의미한다. 건강의 유지, 증진, 질병의 조기발견과 치료, 신속한 사회복귀를 목적한다."
        },
        {
          "qas": [
            {
              "answers": [
                {
                  "text": "동작의 빠른 이동이나 방향의 전환능력",
                  "answer_start": 5
                }
              ],
              "id": "2-2-1",
              "question": "민첩성은?"
            },
            {
              "answers": [
                {
                  "text": "민첩성",
                  "answer_start": 0
                }
              ],
              "id": "2-2-2",
              "question": "동작의 빠른 이동이나 방향의 전환능력은?"
            },
            {
              "answers": [
                {
                  "text": "순발력",
                  "answer_start": 68
                }
              ],
              "id": "2-2-3",
              "question": "가능한 빠른 시간 내에 최대의 힘을 발휘하는 능력은?"
            },
            {
              "answers": [
                {
                  "text": "가능한 빠른 시간 내에 최대의 힘을 발휘하는 능력",
                  "answer_start": 73
                }
              ],
              "id": "2-2-4",
              "question": "순발력이란?"
            },
            {
              "answers": [
                {
                  "text": "대근육의 수축과 이완을 단위시간 안에 최대한 빨리 반복함으로써 가능한 신체를 멀리 이동시키는 능력",
                  "answer_start": 129
                }
              ],
              "id": "2-2-5",
              "question": "스피드란?"
            },
            {
              "answers": [
                {
                  "text": "스피드",
                  "answer_start": 124
                }
              ],
              "id": "2-2-6",
              "question": "대근육의 수축과 이완을 단위시간 안에 최대한 빨리 반복함으로써 가능한 신체를 멀리 이동시키는 능력은?"
            }
          ],
          "context": "민첩성은 동작의 빠른 이동이나 방향의 전환능력을 말한다. 신체를 짧은 시간 내에 가능한 한 빨리 이동하는 능력을 말한다. 순발력은 가능한 빠른 시간 내에 최대의 힘을 발휘하는 능력이다. 단위 시간 당 수행한 일의 양이다. 스피드는 대근육의 수축과 이완을 단위시간 안에 최대한 빨리 반복함으로써 가능한 신체를 멀리 이동시키는 능력을 의미이다."
        },
        {
          "qas": [
            {
              "answers": [
                {
                  "text": "고지혈증",
                  "answer_start": 0
                }
              ],
              "id": "2-3-1",
              "question": "혈중 필요 이상으로 많은 지질성분 물질이 존재하는 상태는?"
            },
            {
              "answers": [
                {
                  "text": "혈중 필요 이상으로 많은 지질성분 물질이 존재하면서 혈관벽에 쌓여 염증과 심혈관계질환의 원인이 되는 상태를 말한다",
                  "answer_start": 12
                }
              ],
              "id": "2-3-2",
              "question": "고지혈증이란?"
            },
            {
              "answers": [
                {
                  "text": "혈중 지질 및 지단백 측정과 심혈관계 위험인자 보유유무, 과거 병력 등을 통해 진단한다.",
                  "answer_start": 207
                }
              ],
              "id": "2-3-3",
              "question": "고지혈증의 진단은?"
            },
            {
              "answers": [
                {
                  "text": "혈액 내에서 지방을 각 세포에 운반해 주기 위해 필요한 지단백 대사의 이상이 원인이다.",
                  "answer_start": 77
                }
              ],
              "id": "2-3-4",
              "question": "고지혈증의 원인은?"
            }
          ],
          "context": "고지혈증은 일반적으로 혈중 필요 이상으로 많은 지질성분 물질이 존재하면서 혈관벽에 쌓여 염증과 심혈관계질환의 원인이 되는 상태를 말한다. 혈액 내에서 지방을 각 세포에 운반해 주기 위해 필요한 지단백 대사의 이상이 원인이다. 뚜렷한 증상 없을 수도 있으며 최근 서구화된 식이 습관으로 증가율이 높아진다. 심혈관계 질환과 신경계 질환 등 심각한 합병증이 발생한다. 진단은 혈중 지질 및 지단백 측정과 심혈관계 위험인자 보유유무, 과거 병력 등을 통해 진단. 5년에 한번은 검사한다."
        }
      ],
      "title": "웰빙시대의 건강관리"
    },
    {
      "paragraphs": [
        {
          "qas": [
            {
              "answers": [
                {
                  "text": "Black and White로 나눌 수 있다.",
                  "answer_start": 44
                }
              ],
              "id": "3-1-1",
              "question": "미국의 대중 음악의 뿌리는 무엇으로 나눌 수 있는가?"
            },
            {
              "answers": [
                {
                  "text": "흑인들의 음악인 Black",
                  "answer_start": 80
                }
              ],
              "id": "3-1-2",
              "question": "블루스로 대표되는 것은?"
            },
            {
              "answers": [
                {
                  "text": "백인들의 음악인 White",
                  "answer_start": 80
                }
              ],
              "id": "3-1-3",
              "question": "컨트리로 대표되는 것은?"
            }
          ],
          "context": "미국의 대중 음악은 수십년간 엄청나게 다양한 갈래로 발전되었고 그 뿌리는 Black and White로 나눌 수 있다. 블루스로 대표되는 흑인들의 음악인 Black과 컨트리로 대표되는 백인들의 음악인 White를 뜻한다."
        },
        {
          "qas": [
            {
              "answers": [
                {
                  "text": "미국 남부",
                  "answer_start": 12
                }
              ],
              "id": "3-2-1",
              "question": "블루스와 컨트리음악은 어디서 유래되었는가?"
            },
            {
              "answers": [
                {
                  "text": "블루스와 컨트리음악",
                  "answer_start": 0
                }
              ],
              "id": "3-2-2",
              "question": "미국 남부에서 유래된 것은?"
            },
            {
              "answers": [
                {
                  "text": "어쿠스틱 기타를 중심으로 연주",
                  "answer_start": 27
                }
              ],
              "id": "3-2-3",
              "question": "블루스와 컨트리음악의 공통점은?"
            },
            {
              "answers": [
                {
                  "text": "흑인",
                  "answer_start": 87
                }
              ],
              "id": "3-2-4",
              "question": "블루스 누구의 애환을 담은 음악인가?"
            },
            {
              "answers": [
                {
                  "text": "극한의 노예 노동을 당하면서 목화밭을 일군 것",
                  "answer_start": 61
                }
              ],
              "id": "3-2-5",
              "question": "흑인들의 애환은 무엇인가?"
            },
            {
              "answers": [
                {
                  "text": "블루스 노트라는 반음을 적극적으로 활용하고 12마디의 블루스를 반복 연주하면서 즉흥 연주하는 특징",
                  "answer_start": 112
                }
              ],
              "id": "3-2-6",
              "question": "블루스의 음악적인 특징?"
            },
            {
              "answers": [
                {
                  "text": "유럽",
                  "answer_start": 221
                }
              ],
              "id": "3-2-7",
              "question": "백인들은 어디에서 넘어 왔는가?"
            },
            {
              "answers": [
                {
                  "text": "아름다운 자연을 찬양하는 카우보이의 느낌",
                  "answer_start": 247
                }
              ],
              "id": "3-2-8",
              "question": "백인들은 어떤 느낌인가?"
            },
            {
              "answers": [
                {
                  "text": "음악",
                  "answer_start": 318
                }
              ],
              "id": "3-2-9",
              "question": "서부개척시대의 삶을 표현하는 방식은?"
            }
          ],
          "context": "블루스와 컨트리음악은 미국 남부에서 유래되었다. 어쿠스틱 기타를 중심으로 연주한다는 공통점이 있지만 블루스는 극한의 노예 노동을 당하면서 목화밭을 일구었던 흑인들의 애환을 담은 음악이다. 음악적으로는 블루스 노트라는 반음을 적극적으로 활용하고 12마디의 블루스를 반복 연주하면서 즉흥 연주하는 특징이 있습니다. 반면 White의 컨트리 음악은 블루스와 접근이 다르다. 백인들은 유럽에서 넘어와 미국의 자연환경을 개척하며 문화를 일궈 나갔다. 아름다운 자연환경을 찬양하고 고향을 그리워하며 거대한 운명에 순응하거나 개척하려는 카우보이의 느낌이 난다. 서부개척시대의 삶을 음악으로 표현하는 방식이다. 음악적으로도 온음을 중심으로 온화하고 밝은 느낌이다."
        }
      ],
      "title": "미국문화의 이해"
    },
    {
      "paragraphs": [
        {
          "qas": [
            {
              "answers": [
                {
                  "text": "URL",
                  "answer_start": 6
                }
              ],
              "id": "4-1-1",
              "question": "인터넷 상에 있는 리소스의 위치를 명확하게 식별하는데 사용되는 것은?"
            },
            {
              "answers": [
                {
                  "text": "인터넷 상에 있는 리소스의 위치를 명확하게 식별하는 방식이다.",
                  "answer_start": 73
                }
              ],
              "id": "4-1-2",
              "question": "URL이란?"
            },
            {
              "answers": [
                {
                  "text": "URL",
                  "answer_start": 109
                }
              ],
              "id": "4-1-3",
              "question": "통합 리소스 식별자의 가장 널리 사용되는 종류중 하나는?"
            }
          ],
          "context": "HTML은 URL로 표현되는 다른 문서에 대한 연결을 지정하는 방법을 제공하여 하이퍼텍스트 마크업언어라는 이름을 붙였다. URL은 인터넷 상에 있는 리소스의 위치를 명확하게 식별하는 데 사용되며 URL은 통합 리소스 식별자의 가장 널리 사용되는 종류중 하나다. "
        },
        {
          "qas": [
            {
              "answers": [
                {
                  "text": "자바 프로그램이 특정 위치로부터 데이터를 가져오는 가장 쉬운 방법을 제공한다.",
                  "answer_start": 9
                }
              ],
              "id": "4-2-1",
              "question": "URL 클래스는 어떻게 가져오는가?"
            }
          ],
          "context": "URL 클래스는 자바 프로그램이 특정 위치로부터 데이터를 가져오는 가장 쉬운 방법을 제공한다. 당신은 이 클래스 내부에서 사용되는 프로토콜이나 서버와 통신하는 방법에 대한 자세하나 부분은 신경 쓰지 않아도 된다. 당신은 단지 이 URL클래스만 사용하면 여러분이 원하는 데이터를 쉽게 얻을 수 있다. "
        },
        {
          "qas": [
            {
              "answers": [
                {
                  "text": "웹 클라이언트가 서버와 대화하는 방법과 서버에서 다시 클라이언트로 데이터가 전송되는 방법을 정의한 표준이다.",
                  "answer_start": 6
                }
              ],
              "id": "4-3-1",
              "question": "HTTP이란?"
            },
            {
              "answers": [
                {
                  "text": "HTTP",
                  "answer_start": 0
                }
              ],
              "id": "4-3-1",
              "question": "웹 클라이언트가 서버와 대화하는 방법과 서버에서 다시 클라이언트로 데이터가 전송되는 방법을 정의한 표준은?"
            },
            {
              "answers": [
                {
                  "text": "가리지 않는다.",
                  "answer_start": 133
                }
              ],
              "id": "4-3-2",
              "question": "HTTP는 데이터 형식을 가리는가?"
            },
            {
              "answers": [
                {
                  "text": "동일한 연결을 통해 클라이언트에게 응답을 보내기 시작한다.",
                  "answer_start": 164
                }
              ],
              "id": "4-3-2",
              "question": "서버는 마지막 빈줄을 확인하는 즉시 발생하는 일은?"
            }
          ],
          "context": "HTTP는 웹 클라이언트가 서버와 대화하는 방법과 서버에서 다시 클라이언트로 데이터가 전송되는 방법을 정의한 표준이다.HTTP는 일반적으로 HTML 파일과 그 안에 포함된 이미지를 전송하는 수단쯤으로 생각되지만, HTTP는 데이터 형식을 가리지 않는다. 서버는 마지막 빈줄을 확인 하는 즉시, 동일한 연결을 통해 클라이언트에게 응답을 보내기 시작한다."
        }
      ],
      "title": "네트워크 프로그래밍"
    },
    {
      "paragraphs": [
        {
          "qas": [
            {
              "answers": [
                {
                  "text": "국가의 이익을 개인의 이익보다 절대적으로 우선시키는 사상원리나 정책",
                  "answer_start": 6
                }
              ],
              "id": "5-1-1",
              "question": "국가주의는 무엇인가요?"
            },
            {
              "answers": [
                {
                  "text": "국가주의",
                  "answer_start": 0
                }
              ],
              "id": "5-1-2",
              "question": "국가의 이익을 개인의 이익보다 절대적으로 우선시키는 사상원리나 정책은 무엇인가요?"
            },
            {
              "answers": [
                {
                  "text": "2016년 러시아의 올림픽 약물 복용",
                  "answer_start": 63
                }
              ],
              "id": "5-1-2",
              "question": "국가주의의 예시는 무엇이 있나요?"
            },
            {
              "answers": [
                {
                  "text": "정부 차원에서 선수들의 약물 복용을 조장하였다",
                  "answer_start": 83
                }
              ],
              "id": "5-1-3",
              "question": "국가주의에서 러시아는 어떻게 했나요?"
            },
            {
              "answers": [
                {
                  "text": "올림픽에서 러시아팀으로의 출전을 하지 못했다",
                  "answer_start": 110
                }
              ],
              "id": "5-1-4",
              "question": "러시아는 결과적으로 어떻게 되었나요?"
            },
            {
              "answers": [
                {
                  "text": "개인보다는 국가의 이익을 중요시 생각",
                  "answer_start": 201
                }
              ],
              "id": "5-1-5",
              "question": "국가의 스포츠적 위신을 높이기 위해 개인에게 도핑을 권유하고 실시하는 이유는?"
            }
          ],
          "context": "국가주의란 국가의 이익을 개인의 이익보다 절대적으로 우선시키는 사상원리나 정책을 말한다. 국가주의 사례의 예시는 2016년 올림픽을 앞두고 러시아가 정부 차원에서 선수들의 약물 복용을 조장하였고, 올림픽에서 러시아 팀으로의 출전을 못하고 독립선수의 자격으로 출전한 사례다. 이는 국가의 스포츠적 위신을 높이려 이익을 위해 개인에게 도핑을 권유하고 실시하는 등 개인보다는 국가의 이익을 중요시 생각하는 것에서 시작된다."
        }
      ],
      "title": "스포츠와 비판적사고"
    },
    {
      "paragraphs": [
        {
          "qas": [
            {
              "answers": [
                {
                  "text": "CPU 스케줄링",
                  "answer_start": 52
                }
              ],
              "id": "6-1-1",
              "question": "다중프로그래밍 환경에서 성능을 높이기 위해 프로세스에게 CPU를 효율적으로 할당하는 과정은?"
            },
            {
              "answers": [
                {
                  "text": "다중프로그래밍 환경에서 성능을 높이기 위하여 프로세스에게 CPU를 효율적으로 할당하는 과정",
                  "answer_start": 0
                }
              ],
              "id": "6-1-2",
              "question": "CPU 스케줄링이란?"
            },
            {
              "answers": [
                {
                  "text": "동시에 여러 프로그램을 메모리에 적재하고 CPU의 실행을 시분할 하여 각각의 프로세스에게 사용하게 하여 CPU의 이용률을 최대로 높인다",
                  "answer_start": 87
                }
              ],
              "id": "6-1-3",
              "question": "다중프로그래밍 운영체제의 기본요소는?"
            },
            {
              "answers": [
                {
                  "text": "동시에 여러 프로그램을 메모리에 적재하고 CPU의 실행을 시분할 하여 각각의 프로세스에게 사용하게한다.",
                  "answer_start": 87
                }
              ],
              "id": "6-1-4",
              "question": "CPU의 이용률을 최대로 높이기 위해서는 어떻게해야하는가?"
            },
            {
              "answers": [
                {
                  "text": "멀티프로그래밍의 환경에서 CPU의 이용률의 최대화 하기 위해",
                  "answer_start": 179
                }
              ],
              "id": "6-1-5",
              "question": "프로세서 스케줄링의 목표는?"
            }
          ],
          "context": "다중프로그래밍 환경에서 성능을 높이기 위하여 프로세스에게 CPU를 효율적으로 할당하는 과정을 CPU 스케줄링이라고 한다. 다중프로그래밍 운영체제의 기본요소 동시에 여러 프로그램을 메모리에 적재하고 CPU의 실행을 시분할 하여 각각의 프로세스에게 사용하게 하여 CPU의 이용률을 최대로 높인다. 프로세서 스케줄링의 목표는 멀티프로그래밍의 환경에서 CPU의 이용률의 최대화 하기 위한다."
        }
      ],
      "title": "운영체제"
    },
    {
      "paragraphs": [
        {
          "qas": [
            {
              "answers": [
                {
                  "text": "text",
                  "answer_start": 0
                }
              ],
              "id": "6-1-1",
              "question": "q?"
            }
          ],
          "context": "context"
        }
      ],
      "title": "title"
    }
  ]
}